{
  "model": "BiLSTM",
  "precision": 0.8048990857340004,
  "recall": 0.8306925405020473,
  "f1": 0.8175924303486947
}