{
  "model": "LSTM",
  "precision": 0.7225228271897193,
  "recall": 0.7607263663877515,
  "f1": 0.7411325990807388
}